{"cameraMode":{"drawMode":0,"name":"Shaded","section":"Shading Mode"},"sceneLighting":true,"audioPlay":false,"sceneViewState":{"m_AlwaysRefresh":false,"showFog":true,"showSkybox":true,"showFlares":true,"showImageEffects":true,"showParticleSystems":true,"showVisualEffectGraphs":true,"m_FxEnabled":true},"in2DMode":false,"pivot":{"x":102.95660400390625,"y":-29.527233123779298,"z":-146.2644805908203},"rotation":{"x":-0.2296714037656784,"y":-0.005286686588078737,"z":-0.000990568078123033,"w":0.973865807056427},"size":12.12435531616211,"orthographic":false}