{"cameraMode":{"drawMode":0,"name":"Shaded","section":"Shading Mode"},"sceneLighting":true,"audioPlay":false,"sceneViewState":{"m_AlwaysRefresh":false,"showFog":true,"showSkybox":true,"showFlares":true,"showImageEffects":true,"showParticleSystems":true,"showVisualEffectGraphs":true,"m_FxEnabled":true},"in2DMode":false,"pivot":{"x":76.54877471923828,"y":1.9772672653198243,"z":262.5362548828125},"rotation":{"x":0.014064338058233261,"y":0.9850132465362549,"z":-0.09664899855852127,"w":0.14313140511512757},"size":4.585253715515137,"orthographic":false}